<?xml version="1.0" encoding="UTF-8"?>
<project-private xmlns="http://www.netbeans.org/ns/project-private/1">
    <editor-bookmarks xmlns="http://www.netbeans.org/ns/editor-bookmarks/2" lastBookmarkId="0"/>
    <open-files xmlns="http://www.netbeans.org/ns/projectui-open-files/2">
        <group>
            <file>file:/E:/7th%20Semester/CSE%20317%20&amp;%20CSE%20318/System%20Analysis%20&amp;%20Design%20Lab%20Project/Project-20221204T055215Z-001/Project/Library_Management_System/src/jframe/HomePage.java</file>
            <file>file:/E:/7th%20Semester/CSE%20317%20&amp;%20CSE%20318/System%20Analysis%20&amp;%20Design%20Lab%20Project/Project-20221204T055215Z-001/Project/Library_Management_System/src/jframe/LoginPage.java</file>
            <file>file:/E:/7th%20Semester/CSE%20317%20&amp;%20CSE%20318/System%20Analysis%20&amp;%20Design%20Lab%20Project/Project-20221204T055215Z-001/Project/Library_Management_System/src/URLConnectionExample.java</file>
        </group>
    </open-files>
</project-private>
